Model,MAE,RMSE,MAPE (%)
"ARIMA(1,1,1)",1739.460976837417,2739.397199009051,4.4880737718260605e+19
Prophet,1617.8023823918732,2349.104089051787,2.9258486995794555e+19
